{"gid":"295","title":"mysql\u5e38\u7528\u5b57\u7b26\u4e32\u64cd\u4f5c\u51fd\u6570\u5927\u5168\uff0c\u4ee5\u53ca\u5b9e\u4f8b","date":"1425596400","content":"\r\n <div> \r\n <p style='background-color: rgb(255, 255, 255); font-size: 13.9200000762939px;'>\u4eca\u5929\u5728\u8bba\u575b\u4e2d\u770b\u5230\u4e00\u4e2a\u5173\u4e8emysql\u7684\u95ee\u9898\uff0c\u95ee\u9898\u5982\u4e0b<\/p> \r\n <pre style='background-color: rgb(255, 255, 255); font-size: 13.9200000762939px;'>good_id &nbsp; &nbsp;   cat_id<br>12654&nbsp;&nbsp;&nbsp;&nbsp; &nbsp; &nbsp; 665,569<br>12655&nbsp;&nbsp;&nbsp;&nbsp;&nbsp;&nbsp;&nbsp;&nbsp; 601,4722<\/pre> \r\n <p style='background-color: rgb(255, 255, 255); font-size: 13.9200000762939px;'>goods_id\u662f\u5546\u54c1id<br>cat_id\u662f\u5206\u7c7bid<br>\u5f53\u6211\uff0c\u600e\u4e48\u6839\u636e\u8fd9\u79cd\u5206\u7c7bID\u67e5\u6570\u636e\uff08\u4e00\u4e2a\u5546\u54c1\u6709\u591a\u4e2a\u5206\u7c7b\uff0c\u800c\u4e14\u7528\u9017\u53f7\u9694\u5f00\u4e86\uff09<br>\u6211\u73b0\u5728\u7528\u7684\u662flike \u8fd9\u6837\u7684\u8bdd\uff0c\u8f93\u5165\u4e00\u4e2a\u5206\u7c7bid\u662f688\uff0c\u6216\u80054722\u90fd\u80fd\u51fa\u6765\u8fd9\u4e2a\u5546\u54c1\uff0c\u4f46\u8f93\u5165\u4e00\u4e2a722\u4e5f\u51fa\u6765\u8fd9\u4e2a\u5546\u54c1\u4e86\u3002<\/p> \r\n <p style='background-color: rgb(255, 255, 255); font-size: 13.9200000762939px;'>&nbsp;<\/p> \r\n <p style='background-color: rgb(255, 255, 255); font-size: 13.9200000762939px;'>\u5982\u679c\u7528like\u505a\u7684\u8bdd\uff0c\u80af\u5b9a\u4f1a\u6709\u95ee\u9898\u7684\uff0c\u6211\u7684\u5f00\u59cb\u7684\u60f3\u6cd5\u662f\uff0c\u628acat_id\u91cc\u9762\u7684\u5b57\u7b26\u4e32\u6362\u6210\u6570\u7ec4\uff0c\u8fd9\u6837\u53ef\u4ee5\u5229\u7528mysql\u91cc\u9762\u7684<strong>in<\/strong>\u64cd\u4f5c\uff0c\u8fd9\u6837\u5c31\u4e0d\u4f1a\u51fa\u73b0\u67e5\u627e722\uff0c\u800c4722\u7c7b\u522b\u4e0b\u7684\u4ea7\u54c1\u90fd\u8dd1\u51fa\u6765\u4e86\u3002\u6211\u4ece\u7f51\u4e0a\u627e\u4e86\u534a\u5929\uff0c\u8fd9\u65b9\u9762\u7684\u5b57\u7b26\u4e32\u64cd\u4f5c\u51fd\u6570\uff0c\u6ca1\u627e\u5230\uff0c\u4e0d\u8fc7\u6211\u53d1\u73b0\u4e86<strong>find_in_set<\/strong>\u8fd9\u4e2a\u51fd\u6570\u867d\u7136\u4e0d\u80fd\uff0c\u5c06\u5b57\u7b26\u4e32\u8f6c\u6362\u6210\u6570\u7ec4\uff0c\u4f46\u662f\u4e5f\u4e0d\u4f1a\u51fa\u73b0\u4e0a\u9762\u7684\u60c5\u51b5\u3002\u6211\u53d1\u73b0\u81ea\u5df1\u6709\u597d\u591a\u51fd\u6570\u4e0d\u77e5\u9053\uff0c\u6240\u4ee5\u6211\u4ece\u624b\u518c\u4e2d,\u4ee5\u53ca\u7f51\u4e0a\u6536\u96c6\u4e86\u534a\u5929\uff0c\u505a\u4e86\u4e00\u4e9b\u4f8b\u5b50\u3002<\/p> \r\n <p style='background-color: rgb(255, 255, 255); font-size: 13.9200000762939px;'><strong>\u4e00\uff0c\u6d4b\u8bd5\u51c6\u5907<\/strong><\/p> \r\n <div style='background-color: rgb(255, 255, 255); font-size: 13.9200000762939px;'> \r\n  <div> \r\n   <a href='http:\/\/blog.51yip.com\/mysql\/965.html#' target='_blank' style='color:green;'>\u67e5\u770b<\/a> \r\n   <a href='http:\/\/blog.51yip.com\/mysql\/965.html#' target='_blank' style='color:green;'>\u590d\u5236<\/a> \r\n   <a href='http:\/\/blog.51yip.com\/mysql\/965.html#' target='_blank' style='color:green;'>\u6253\u5370<\/a> \r\n   <a href='http:\/\/blog.51yip.com\/mysql\/965.html#' target='_blank' style='color:green;'>?<\/a> \r\n  <\/div> \r\n  <ol> \r\n   <li>\u6d4b\u8bd5\u8868&nbsp;&nbsp;<\/li> \r\n   <li>CREATE&nbsp;TABLE&nbsp;`string_test`&nbsp;(&nbsp;&nbsp;<\/li> \r\n   <li>&nbsp;`id`&nbsp;int(11)&nbsp;NOT&nbsp;NULL&nbsp;auto_increment&nbsp;COMMENT&nbsp;'\u7528\u6237ID',&nbsp;&nbsp;<\/li> \r\n   <li>&nbsp;`name`&nbsp;varchar(50)&nbsp;NOT&nbsp;NULL&nbsp;default&nbsp;''&nbsp;COMMENT&nbsp;'\u540d\u79f0',&nbsp;&nbsp;<\/li> \r\n   <li>&nbsp;`job`&nbsp;varchar(23)&nbsp;NOT&nbsp;NULL&nbsp;COMMENT&nbsp;'\u5de5\u4f5c',&nbsp;&nbsp;<\/li> \r\n   <li>&nbsp;`sex`&nbsp;tinyint(1)&nbsp;NOT&nbsp;NULL&nbsp;default&nbsp;'1'&nbsp;COMMENT&nbsp;'\u6027\u522b',&nbsp;&nbsp;<\/li> \r\n   <li>&nbsp;`hobby`&nbsp;varchar(100)&nbsp;character&nbsp;set&nbsp;utf8&nbsp;collate&nbsp;utf8_unicode_ci&nbsp;default&nbsp;NULL&nbsp;COMMENT&nbsp;'\u7231\u597d',&nbsp;&nbsp;<\/li> \r\n   <li>&nbsp;PRIMARY&nbsp;KEY&nbsp;&nbsp;(`id`)&nbsp;&nbsp;<\/li> \r\n   <li>)&nbsp;ENGINE=MyISAM&nbsp;&nbsp;DEFAULT&nbsp;CHARSET=utf8&nbsp;AUTO_INCREMENT=1&nbsp;;&nbsp;&nbsp;<\/li> \r\n   <li>&nbsp;&nbsp;<\/li> \r\n   <li>\u6d4b\u8bd5\u6570\u636e&nbsp;&nbsp;<\/li> \r\n   <li>INSERT&nbsp;INTO&nbsp;`string_test`&nbsp;(`id`,&nbsp;`name`,&nbsp;`job`,&nbsp;`sex`,&nbsp;`hobby`)&nbsp;VALUES&nbsp;&nbsp;<\/li> \r\n   <li>(1,&nbsp;'tank',&nbsp;'\u519c\u6c11\u5de5',&nbsp;1,&nbsp;'\u519b\u68cb,\u6e38\u620f,fishing'),&nbsp;&nbsp;<\/li> \r\n   <li>(2,&nbsp;'zhang',&nbsp;'DUCK',&nbsp;0,&nbsp;'fly,make&nbsp;firend'),&nbsp;&nbsp;<\/li> \r\n   <li>(3,&nbsp;'ying',&nbsp;'no&nbsp;job',&nbsp;1,&nbsp;'flying,driving,testing'),&nbsp;&nbsp;<\/li> \r\n   <li>(4,&nbsp;'tankzhang',&nbsp;'love&nbsp;your&nbsp;love',&nbsp;1,&nbsp;'i&nbsp;love&nbsp;you');&nbsp;&nbsp;<\/li> \r\n  <\/ol> \r\n <\/div> \r\n <pre style='background-color: rgb(255, 255, 255); font-size: 13.9200000762939px;'>\u6d4b\u8bd5\u8868\r\nCREATE TABLE `string_test` (\r\n `id` int(11) NOT NULL auto_increment COMMENT '\u7528\u6237ID',\r\n `name` varchar(50) NOT NULL default '' COMMENT '\u540d\u79f0',\r\n `job` varchar(23) NOT NULL COMMENT '\u5de5\u4f5c',\r\n `sex` tinyint(1) NOT NULL default '1' COMMENT '\u6027\u522b',\r\n `hobby` varchar(100) character set utf8 collate utf8_unicode_ci default NULL COMMENT '\u7231\u597d',\r\n PRIMARY KEY&nbsp; (`id`)\r\n) ENGINE=MyISAM&nbsp; DEFAULT CHARSET=utf8 AUTO_INCREMENT=1 ;\r\n\r\n\u6d4b\u8bd5\u6570\u636e\r\nINSERT INTO `string_test` (`id`, `name`, `job`, `sex`, `hobby`) VALUES\r\n(1, 'tank', '\u519c\u6c11\u5de5', 1, '\u519b\u68cb,\u6e38\u620f,fishing'),\r\n(2, 'zhang', 'DUCK', 0, 'fly,make firend'),\r\n(3, 'ying', 'no job', 1, 'flying,driving,testing'),\r\n(4, 'tankzhang', 'love your love', 1, 'i love you');<\/pre> \r\n <table border='1' cellpadding='2' cellspacing='0' width='100%' style='background-color: rgb(255, 255, 255); color: rgb(0, 0, 0); font-size: 13.9200000762939px;'> \r\n  <tbody> \r\n   <tr> \r\n    <th>id<\/th> \r\n    <th>name<\/th> \r\n    <th>job<\/th> \r\n    <th>sex<\/th> \r\n    <th>hobby<\/th> \r\n   <\/tr> \r\n   <tr> \r\n    <td>1<\/td> \r\n    <td>tank<\/td> \r\n    <td>\u519c\u6c11\u5de5<\/td> \r\n    <td>1<\/td> \r\n    <td>\u519b\u68cb,\u6e38\u620f,fishing<\/td> \r\n   <\/tr> \r\n   <tr> \r\n    <td>2<\/td> \r\n    <td>zhang<\/td> \r\n    <td>DUCK<\/td> \r\n    <td>0<\/td> \r\n    <td>fly,make firend<\/td> \r\n   <\/tr> \r\n   <tr> \r\n    <td>3<\/td> \r\n    <td>ying<\/td> \r\n    <td>no job<\/td> \r\n    <td>1<\/td> \r\n    <td>flying,driving,testing<\/td> \r\n   <\/tr> \r\n   <tr> \r\n    <td>4<\/td> \r\n    <td>tankzhang<\/td> \r\n    <td>love your love<\/td> \r\n    <td>1<\/td> \r\n    <td>i love you<\/td> \r\n   <\/tr> \r\n  <\/tbody> \r\n <\/table> \r\n <p style='background-color: rgb(255, 255, 255); font-size: 13.9200000762939px;'><strong>\u4e8c\uff0cmysql\u5b57\u7b26\u4e32\u64cd\u4f5c\u51fd\u6570<\/strong><\/p> \r\n <p style='background-color: rgb(255, 255, 255); font-size: 13.9200000762939px;'><span style='color:rgb(128, 0, 128);'><strong>1\uff0cUPPER\u548cUCASE<\/strong><\/span><\/p> \r\n <p style='background-color: rgb(255, 255, 255); font-size: 13.9200000762939px;'>\u8fd4\u56de\u5b57\u7b26\u4e32str\uff0c\u6839\u636e\u5f53\u524d\u5b57\u7b26\u96c6\u6620\u5c04(\u7f3a\u7701\u662fISO-8859-1 Latin1)\u628a\u6240\u6709\u7684\u5b57\u7b26\u6539\u53d8\u6210\u5927\u5199\u3002\u8be5\u51fd\u6570\u5bf9\u591a\u5b57\u8282\u662f\u53ef\u9760\u7684\u3002<\/p> \r\n <pre style='background-color: rgb(255, 255, 255); font-size: 13.9200000762939px;'>mysql&gt; select name,UPPER(name) from string_test where name='tank';<br>+------+-------------+<br>| name | UPPER(name) |<br>+------+-------------+<br>| tank | TANK&nbsp;&nbsp;&nbsp;&nbsp;&nbsp;&nbsp;&nbsp; |<br>+------+-------------+<br>1 row in set (0.00 sec)<\/pre> \r\n <p style='background-color: rgb(255, 255, 255); font-size: 13.9200000762939px;'><span style='color:rgb(128, 0, 128);'><strong>2\uff0cLOWER\u548cLCASE<\/strong><\/span><\/p> \r\n <p style='background-color: rgb(255, 255, 255); font-size: 13.9200000762939px;'>\u8fd4\u56de\u5b57\u7b26\u4e32str\uff0c\u6839\u636e\u5f53\u524d\u5b57\u7b26\u96c6\u6620\u5c04(\u7f3a\u7701\u662fISO-8859-1 Latin1)\u628a\u6240\u6709\u7684\u5b57\u7b26\u6539\u53d8\u6210\u5c0f\u5199\u3002\u8be5\u51fd\u6570\u5bf9\u591a\u5b57\u8282\u662f\u53ef\u9760\u7684\u3002<\/p> \r\n <pre style='background-color: rgb(255, 255, 255); font-size: 13.9200000762939px;'>mysql&gt; select sex,LCASE(job) from string_test where job='DUCK';<br>+------+------------+<br>| sex&nbsp; | LCASE(job) |<br>+------+------------+<br>|&nbsp;&nbsp;&nbsp; 1 | duck&nbsp;&nbsp;&nbsp;&nbsp;&nbsp;&nbsp; |<br>+------+------------+<br>1 row in set (0.00 sec)<\/pre> \r\n <p style='background-color: rgb(255, 255, 255); font-size: 13.9200000762939px;'><span style='color:rgb(128, 0, 128);'><strong>3\uff0cFIND_IN_SET(str,strlist)<\/strong><\/span><\/p> \r\n <p style='background-color: rgb(255, 255, 255); font-size: 13.9200000762939px;'>\u5982\u679c\u5b57\u7b26\u4e32str\u5728\u7531N\u5b50\u4e32\u7ec4\u6210\u7684\u8868strlist\u4e4b\u4e2d\uff0c\u8fd4\u56de\u4e00\u4e2a1\u5230N\u7684\u503c\u3002\u4e00\u4e2a\u5b57\u7b26\u4e32\u8868\u662f\u88ab\u201c,\u201d\u5206\u9694\u7684\u5b50\u4e32\u7ec4\u6210\u7684\u4e00\u4e2a\u5b57\u7b26\u4e32\u3002\u5982\u679c\u7b2c\u4e00\u4e2a\u53c2\u6570\u662f\u4e00\u4e2a\u5e38\u6570\u5b57\u7b26\u4e32\u5e76\u4e14\u7b2c\u4e8c\u4e2a\u53c2\u6570\u662f\u4e00\u79cd\u7c7b\u578b\u4e3aSET\u7684\u5217\uff0cFIND_IN_SET()\u51fd\u6570\u88ab\u4f18\u5316\u800c\u4f7f\u7528\u4f4d\u8fd0\u7b97\uff01\u5982\u679cstr\u4e0d\u662f\u5728strlist\u91cc\u9762\u6216\u5982\u679c strlist\u662f\u7a7a\u5b57\u7b26\u4e32\uff0c\u8fd4\u56de0\u3002\u5982\u679c\u4efb\u4f55\u4e00\u4e2a\u53c2\u6570\u662fNULL\uff0c\u8fd4\u56deNULL\u3002\u5982\u679c\u7b2c\u4e00\u4e2a\u53c2\u6570\u5305\u542b\u4e00\u4e2a\u201c,\u201d\uff0c\u8be5\u51fd\u6570\u5c06\u5de5\u4f5c\u4e0d\u6b63\u5e38\u3002\u770b\u9762\u662f\u4e8c\u79cd\u4e0d\u540c\u7684\u6548\u679c\uff0c\u53ef\u4ee5\u770b\u4e00\u4e0b<\/p> \r\n <pre style='background-color: rgb(255, 255, 255); font-size: 13.9200000762939px;'>mysql&gt; SELECT id,name FROM string_test WHERE find_in_set('fly',hobby);<br>+----+-------+<br>| id | name&nbsp; |<br>+----+-------+<br>|&nbsp; 2 | zhang |<br>+----+-------+<br>1 row in set (0.00 sec)<br><br>mysql&gt; SELECT id,name FROM string_test WHERE hobby like 'fly%';<br>+----+-------+<br>| id | name&nbsp; |<br>+----+-------+<br>|&nbsp; 2 | zhang |<br>|&nbsp; 3 | ying&nbsp; |<br>+----+-------+<br>2 rows in set (0.00 sec)<\/pre> \r\n <p style='background-color: rgb(255, 255, 255); font-size: 13.9200000762939px;'><span style='color:rgb(128, 0, 128);'><strong>4\uff0cFIELD(str,str1,str2,str3,\u2026)<\/strong><\/span><\/p> \r\n <p style='background-color: rgb(255, 255, 255); font-size: 13.9200000762939px;'>\u8fd4\u56destr\u5728str1, str2, str3, \u2026\u6e05\u5355\u7684\u7d22\u5f15\u3002\u5982\u679cstr\u6ca1\u627e\u5230\uff0c\u8fd4\u56de0\u3002FIELD()\u662fELT()\u53cd\u8fd0\u7b97\u3002<\/p> \r\n <pre style='background-color: rgb(255, 255, 255); font-size: 13.9200000762939px;'>mysql&gt; SELECT id, name, FIELD( id, name, sex, job, hobby )<br> -&gt; FROM string_test where id &lt; 4;<br>+----+-------+------------------------------------+<br>| id | name&nbsp; | FIELD( id, name, sex, job, hobby ) |<br>+----+-------+------------------------------------+<br>|&nbsp; 1 | tank&nbsp; |&nbsp;&nbsp;&nbsp;&nbsp;&nbsp;&nbsp;&nbsp;&nbsp;&nbsp;&nbsp;&nbsp;&nbsp;&nbsp;&nbsp;&nbsp;&nbsp;&nbsp;&nbsp;&nbsp;&nbsp;&nbsp;&nbsp;&nbsp;&nbsp;&nbsp;&nbsp;&nbsp;&nbsp;&nbsp;&nbsp;&nbsp;&nbsp;&nbsp; 2 |<br>|&nbsp; 2 | zhang |&nbsp;&nbsp;&nbsp;&nbsp;&nbsp;&nbsp;&nbsp;&nbsp;&nbsp;&nbsp;&nbsp;&nbsp;&nbsp;&nbsp;&nbsp;&nbsp;&nbsp;&nbsp;&nbsp;&nbsp;&nbsp;&nbsp;&nbsp;&nbsp;&nbsp;&nbsp;&nbsp;&nbsp;&nbsp;&nbsp;&nbsp;&nbsp;&nbsp; 0 |<br>|&nbsp; 3 | ying&nbsp; |&nbsp;&nbsp;&nbsp;&nbsp;&nbsp;&nbsp;&nbsp;&nbsp;&nbsp;&nbsp;&nbsp;&nbsp;&nbsp;&nbsp;&nbsp;&nbsp;&nbsp;&nbsp;&nbsp;&nbsp;&nbsp;&nbsp;&nbsp;&nbsp;&nbsp;&nbsp;&nbsp;&nbsp;&nbsp;&nbsp;&nbsp;&nbsp;&nbsp; 0 |<br>+----+-------+------------------------------------+<br>3 rows in set (0.00 sec)<\/pre> \r\n <p style='background-color: rgb(255, 255, 255); font-size: 13.9200000762939px;'><span style='color:rgb(128, 0, 128);'><strong>5.ELT(N,str1,str2,str3,\u2026)<\/strong><\/span><\/p> \r\n <p style='background-color: rgb(255, 255, 255); font-size: 13.9200000762939px;'>\u5982\u679cN= 1\uff0c\u8fd4\u56destr1\uff0c\u5982\u679cN= 2\uff0c\u8fd4\u56destr2\uff0c\u7b49\u7b49\u3002\u5982\u679cN\u5c0f\u4e8e1\u6216\u5927\u4e8e\u53c2\u6570\u4e2a\u6570\uff0c\u8fd4\u56deNULL\u3002ELT()\u662fFIELD()\u53cd\u8fd0\u7b97\u3002<\/p> \r\n <pre style='background-color: rgb(255, 255, 255); font-size: 13.9200000762939px;'>mysql&gt; SELECT id, name, ELT(1, id, name, sex, job, hobby ) FROM string_test where id &lt; 4;<br>+----+-------+------------------------------------+<br>| id | name&nbsp; | ELT(1, id, name, sex, job, hobby ) |<br>+----+-------+------------------------------------+<br>|&nbsp; 1 | tank&nbsp; | 1&nbsp;&nbsp;&nbsp;&nbsp;&nbsp;&nbsp;&nbsp;&nbsp;&nbsp;&nbsp;&nbsp;&nbsp;&nbsp;&nbsp;&nbsp;&nbsp;&nbsp;&nbsp;&nbsp;&nbsp;&nbsp;&nbsp;&nbsp;&nbsp;&nbsp;&nbsp;&nbsp;&nbsp;&nbsp;&nbsp;&nbsp;&nbsp;&nbsp; |<br>|&nbsp; 2 | zhang | 2&nbsp;&nbsp;&nbsp;&nbsp;&nbsp;&nbsp;&nbsp;&nbsp;&nbsp;&nbsp;&nbsp;&nbsp;&nbsp;&nbsp;&nbsp;&nbsp;&nbsp;&nbsp;&nbsp;&nbsp;&nbsp;&nbsp;&nbsp;&nbsp;&nbsp;&nbsp;&nbsp;&nbsp;&nbsp;&nbsp;&nbsp;&nbsp;&nbsp; |<br>|&nbsp; 3 | ying&nbsp; | 3&nbsp;&nbsp;&nbsp;&nbsp;&nbsp;&nbsp;&nbsp;&nbsp;&nbsp;&nbsp;&nbsp;&nbsp;&nbsp;&nbsp;&nbsp;&nbsp;&nbsp;&nbsp;&nbsp;&nbsp;&nbsp;&nbsp;&nbsp;&nbsp;&nbsp;&nbsp;&nbsp;&nbsp;&nbsp;&nbsp;&nbsp;&nbsp;&nbsp; |<br>+----+-------+------------------------------------+<br>3 rows in set (0.00 sec)<br><br>mysql&gt; SELECT id, name, ELT(2, id, name, sex, job, hobby ) FROM string_test where id &lt; 4;<br>+----+-------+------------------------------------+<br>| id | name&nbsp; | ELT(2, id, name, sex, job, hobby ) |<br>+----+-------+------------------------------------+<br>|&nbsp; 1 | tank&nbsp; | tank&nbsp;&nbsp;&nbsp;&nbsp;&nbsp;&nbsp;&nbsp;&nbsp;&nbsp;&nbsp;&nbsp;&nbsp;&nbsp;&nbsp;&nbsp;&nbsp;&nbsp;&nbsp;&nbsp;&nbsp;&nbsp;&nbsp;&nbsp;&nbsp;&nbsp;&nbsp;&nbsp;&nbsp;&nbsp;&nbsp; |<br>|&nbsp; 2 | zhang | zhang&nbsp;&nbsp;&nbsp;&nbsp;&nbsp;&nbsp;&nbsp;&nbsp;&nbsp;&nbsp;&nbsp;&nbsp;&nbsp;&nbsp;&nbsp;&nbsp;&nbsp;&nbsp;&nbsp;&nbsp;&nbsp;&nbsp;&nbsp;&nbsp;&nbsp;&nbsp;&nbsp;&nbsp;&nbsp; |<br>|&nbsp; 3 | ying&nbsp; | ying&nbsp;&nbsp;&nbsp;&nbsp;&nbsp;&nbsp;&nbsp;&nbsp;&nbsp;&nbsp;&nbsp;&nbsp;&nbsp;&nbsp;&nbsp;&nbsp;&nbsp;&nbsp;&nbsp;&nbsp;&nbsp;&nbsp;&nbsp;&nbsp;&nbsp;&nbsp;&nbsp;&nbsp;&nbsp;&nbsp; |<br>+----+-------+------------------------------------+<br>3 rows in set (0.00 sec)<\/pre> \r\n <p style='background-color: rgb(255, 255, 255); font-size: 13.9200000762939px;'><span style='color:rgb(128, 0, 128);'><strong>6\uff0cREPLACE(str,from_str,to_str)<\/strong><\/span><\/p> \r\n <p style='background-color: rgb(255, 255, 255); font-size: 13.9200000762939px;'>\u8fd4\u56de\u5b57\u7b26\u4e32str\uff0c\u5176\u5b57\u7b26\u4e32from_str\u7684\u6240\u6709\u51fa\u73b0\u7531\u5b57\u7b26\u4e32to_str\u4ee3\u66ff\u3002<\/p> \r\n <pre style='background-color: rgb(255, 255, 255); font-size: 13.9200000762939px;'>mysql&gt; SELECT id,REPLACE(hobby,'firend','living') FROM string_test WHERE id = 2;<br><br>+----+----------------------------------+<br>| id | REPLACE(hobby,'firend','living') |<br>+----+----------------------------------+<br>|&nbsp; 2 | fly,make living&nbsp;&nbsp;&nbsp;&nbsp;&nbsp;&nbsp;&nbsp;&nbsp;&nbsp;&nbsp;&nbsp;&nbsp;&nbsp;&nbsp;&nbsp;&nbsp;&nbsp; |<br>+----+----------------------------------+<br>1 row in set (0.00 sec)<\/pre> \r\n <p style='background-color: rgb(255, 255, 255); font-size: 13.9200000762939px;'><span style='color:rgb(128, 0, 128);'><strong>7\uff0cREPEAT(str,count)<\/strong><\/span><\/p> \r\n <p style='background-color: rgb(255, 255, 255); font-size: 13.9200000762939px;'>\u8fd4\u56de\u7531\u91cd\u590dcountTimes\u6b21\u7684\u5b57\u7b26\u4e32str\u7ec4\u6210\u7684\u4e00\u4e2a\u5b57\u7b26\u4e32\u3002\u5982\u679ccount &lt;= 0\uff0c\u8fd4\u56de\u4e00\u4e2a\u7a7a\u5b57\u7b26\u4e32\u3002\u5982\u679cstr\u6216count\u662fNULL\uff0c\u8fd4\u56deNULL\u3002<\/p> \r\n <pre style='background-color: rgb(255, 255, 255); font-size: 13.9200000762939px;'>mysql&gt; SELECT id,REPEAT(name,2) FROM string_test WHERE id &gt; 1 and id &lt; 4;<br>+----+----------------+<br>| id | REPEAT(name,2) |<br>+----+----------------+<br>|&nbsp; 2 | zhangzhang&nbsp;&nbsp;&nbsp;&nbsp; |<br>|&nbsp; 3 | yingying&nbsp;&nbsp;&nbsp;&nbsp;&nbsp;&nbsp; |<br>+----+----------------+<br>2 rows in set (0.00 sec)<\/pre> \r\n <p style='background-color: rgb(255, 255, 255); font-size: 13.9200000762939px;'><span style='color:rgb(128, 0, 128);'><strong>8\uff0cREVERSE(str)<\/strong><\/span><\/p> \r\n <p style='background-color: rgb(255, 255, 255); font-size: 13.9200000762939px;'>\u8fd4\u56de\u98a0\u5012\u5b57\u7b26\u987a\u5e8f\u7684\u5b57\u7b26\u4e32str\u3002<\/p> \r\n <pre style='background-color: rgb(255, 255, 255); font-size: 13.9200000762939px;'> mysql&gt; SELECT id,reverse(name) FROM string_test WHERE id &gt; 1 and id &lt; 4;<br>+----+---------------+<br>| id | reverse(name) |<br>+----+---------------+<br>|&nbsp; 2 | gnahz&nbsp;&nbsp;&nbsp;&nbsp;&nbsp;&nbsp;&nbsp;&nbsp; |<br>|&nbsp; 3 | gniy&nbsp;&nbsp;&nbsp;&nbsp;&nbsp;&nbsp;&nbsp;&nbsp;&nbsp; |<br>+----+---------------+<br>2 rows in set (0.00 sec)<\/pre> \r\n <p style='background-color: rgb(255, 255, 255); font-size: 13.9200000762939px;'><span style='color:rgb(128, 0, 128);'><strong>9\uff0cINSERT(str,pos,len,newstr)<\/strong><\/span><\/p> \r\n <p style='background-color: rgb(255, 255, 255); font-size: 13.9200000762939px;'>\u8fd4\u56de\u5b57\u7b26\u4e32str\uff0c\u5728\u4f4d\u7f6epos\u8d77\u59cb\u7684\u5b50\u4e32\u4e14len\u4e2a\u5b57\u7b26\u957f\u5f97\u5b50\u4e32\u7531\u5b57\u7b26\u4e32newstr\u4ee3\u66ff\u3002<\/p> \r\n <pre style='background-color: rgb(255, 255, 255); font-size: 13.9200000762939px;'>mysql&gt; select id,name,INSERT(hobby,10,6,'living') from string_test where id = 2;<br><br>+----+-------+-----------------------------+<br>| id | name&nbsp; | INSERT(hobby,10,6,'living') |<br>+----+-------+-----------------------------+<br>|&nbsp; 2 | zhang | fly,make living&nbsp;&nbsp;&nbsp;&nbsp;&nbsp;&nbsp;&nbsp;&nbsp;&nbsp;&nbsp;&nbsp;&nbsp; |<br>+----+-------+-----------------------------+<br>1 row in set (0.00 sec)<\/pre> \r\n <p style='background-color: rgb(255, 255, 255); font-size: 13.9200000762939px;'><span style='color:rgb(128, 0, 128);'><strong>10\uff0cSUBSTRING(str FROM pos)<\/strong><\/span><\/p> \r\n <p style='background-color: rgb(255, 255, 255); font-size: 13.9200000762939px;'>\u4ece\u5b57\u7b26\u4e32str\u7684\u8d77\u59cb\u4f4d\u7f6epos\u8fd4\u56de\u4e00\u4e2a\u5b50\u4e32\u3002\u4e0b\u9762\u7684sub2\u6ca1\u6709\u503c\uff0c\u56e0\u4e3amysql\u6570\u636e\u5e93\u7684\u4e0b\u6807\u662f\u4ece1\u5f00\u59cb\u7684\u3002<\/p> \r\n <pre style='background-color: rgb(255, 255, 255); font-size: 13.9200000762939px;'>mysql&gt; SELECT id, substring( hobby, 1, 6) AS sub1, substring( hobby from 0 for 8<br> ) AS sub2,substring( hobby,2) AS sub3, substring( hobby from 4 ) AS sub4 FROM s<br>tring_test WHERE id =4;<br>+----+--------+------+-----------+---------+<br>| id | sub1&nbsp;&nbsp; | sub2 | sub3&nbsp;&nbsp;&nbsp;&nbsp;&nbsp; | sub4&nbsp;&nbsp;&nbsp; |<br>+----+--------+------+-----------+---------+<br>|&nbsp; 4 | i love |&nbsp;&nbsp;&nbsp;&nbsp;&nbsp; |&nbsp; love you | ove you |<br>+----+--------+------+-----------+---------+<br>1 row in set (0.00 sec)<\/pre> \r\n <p style='background-color: rgb(255, 255, 255); font-size: 13.9200000762939px;'><span style='color:rgb(128, 0, 128);'><strong>11,SUBSTRING_INDEX(str,delim,count)<\/strong><\/span><\/p> \r\n <p style='background-color: rgb(255, 255, 255); font-size: 13.9200000762939px;'>\u8fd4\u56de\u4ece\u5b57\u7b26\u4e32str\u7684\u7b2ccount\u4e2a\u51fa\u73b0\u7684\u5206\u9694\u7b26delim\u4e4b\u540e\u7684\u5b50\u4e32\u3002\u5982\u679ccount\u662f\u6b63\u6570\uff0c\u8fd4\u56de\u6700\u540e\u7684\u5206\u9694\u7b26\u5230\u5de6\u8fb9(\u4ece\u5de6\u8fb9\u6570) \u7684\u6240\u6709\u5b57\u7b26\u3002\u5982\u679ccount\u662f\u8d1f\u6570\uff0c\u8fd4\u56de\u6700\u540e\u7684\u5206\u9694\u7b26\u5230\u53f3\u8fb9\u7684\u6240\u6709\u5b57\u7b26(\u4ece\u53f3\u8fb9\u6570)\u3002<\/p> \r\n <pre style='background-color: rgb(255, 255, 255); font-size: 13.9200000762939px;'>mysql&gt; SELECT id,SUBSTRING_INDEX(hobby,',',2) as test1,SUBSTRING_INDEX(hobby,','<br>,-1) as test2 FROM string_test WHERE id = 3;<br>+----+----------------+---------+<br>| id | test1&nbsp;&nbsp;&nbsp;&nbsp;&nbsp;&nbsp;&nbsp;&nbsp;&nbsp; | test2&nbsp;&nbsp; |<br>+----+----------------+---------+<br>|&nbsp; 3 | flying,driving | testing |<br>+----+----------------+---------+<br>1 row in set (0.01 sec)<\/pre> \r\n <p style='background-color: rgb(255, 255, 255); font-size: 13.9200000762939px;'><span style='color:rgb(128, 0, 128);'><strong>12,LTRIM(str)<\/strong><\/span><\/p> \r\n <p style='background-color: rgb(255, 255, 255); font-size: 13.9200000762939px;'>\u8fd4\u56de\u5220\u9664\u4e86\u5176\u524d\u7f6e\u7a7a\u683c\u5b57\u7b26\u7684\u5b57\u7b26\u4e32str\u3002<\/p> \r\n <pre style='background-color: rgb(255, 255, 255); font-size: 13.9200000762939px;'>mysql&gt; SELECT id,LTRIM(job) FROM string_test WHERE id = 4;<br>+----+----------------+<br>| id | LTRIM(job)&nbsp;&nbsp;&nbsp;&nbsp; |<br>+----+----------------+<br>|&nbsp; 4 | love your love |<br>+----+----------------+<br>1 row in set (0.00 sec)<\/pre> \r\n <p style='background-color: rgb(255, 255, 255); font-size: 13.9200000762939px;'><span style='color:rgb(128, 0, 128);'><strong>13,RTRIM(str)<\/strong><\/span><\/p> \r\n <p style='background-color: rgb(255, 255, 255); font-size: 13.9200000762939px;'>\u8fd4\u56de\u5220\u9664\u4e86\u5176\u62d6\u540e\u7a7a\u683c\u5b57\u7b26\u7684\u5b57\u7b26\u4e32str\u3002<\/p> \r\n <pre style='background-color: rgb(255, 255, 255); font-size: 13.9200000762939px;'>mysql&gt; SELECT id,RTRIM(job) FROM string_test WHERE id = 4;<br>+----+----------------+<br>| id | RTRIM(job)&nbsp;&nbsp;&nbsp;&nbsp; |<br>+----+----------------+<br>|&nbsp; 4 | love your love |<br>+----+----------------+<br>1 row in set (0.00 sec)<\/pre> \r\n <p style='background-color: rgb(255, 255, 255); font-size: 13.9200000762939px;'><span style='color:rgb(128, 0, 128);'><strong>14,TRIM([[BOTH | LEADING | TRAILING] [remstr] FROM] str)<\/strong><\/span><\/p> \r\n <p style='background-color: rgb(255, 255, 255); font-size: 13.9200000762939px;'>\u8fd4\u56de\u5b57\u7b26\u4e32str\uff0c\u5176\u6240\u6709remstr\u524d\u7f00\u6216\u540e\u7f00\u88ab\u5220\u9664\u4e86\u3002\u5982\u679c\u6ca1\u6709\u4fee\u9970\u7b26BOTH\u3001LEADING\u6216TRAILING\u7ed9\u51fa\uff0cBOTH\u88ab\u5047\u5b9a\u3002\u5982\u679cremstr\u6ca1\u88ab\u6307\u5b9a\uff0c\u7a7a\u683c\u88ab\u5220\u9664\u3002<\/p> \r\n <pre style='background-color: rgb(255, 255, 255); font-size: 13.9200000762939px;'>mysql&gt; select trim(' test&nbsp; ');<br>+-----------------+<br>| trim(' test&nbsp; ') |<br>+-----------------+<br>| test&nbsp;&nbsp;&nbsp;&nbsp;&nbsp;&nbsp;&nbsp;&nbsp;&nbsp;&nbsp;&nbsp; |<br>+-----------------+<br>1 row in set (0.01 sec)<br><br>mysql&gt; SELECT id,TRIM(LEADING 'love' from job) as test1,TRIM(BOTH 'love' from jo<br>b) as test2,TRIM(TRAILING 'love' from job) as test3 FROM string_test WHERE id =<br>4<br> -&gt; ;<br>+----+------------+--------+------------+<br>| id | test1&nbsp;&nbsp;&nbsp;&nbsp;&nbsp; | test2&nbsp; | test3&nbsp;&nbsp;&nbsp;&nbsp;&nbsp; |<br>+----+------------+--------+------------+<br>|&nbsp; 4 |&nbsp; your love |&nbsp; your&nbsp; | love your&nbsp; |<br>+----+------------+--------+------------+<br>1 row in set (0.00 sec)<\/pre> \r\n <p style='background-color: rgb(255, 255, 255); font-size: 13.9200000762939px;'><span style='color:rgb(128, 0, 128);'><strong>15,MID(str,pos,len)<\/strong><\/span><\/p> \r\n <p style='background-color: rgb(255, 255, 255); font-size: 13.9200000762939px;'>\u4ece\u5b57\u7b26\u4e32str\u8fd4\u56de\u4e00\u4e2alen\u4e2a\u5b57\u7b26\u7684\u5b50\u4e32\uff0c\u4ece\u4f4d\u7f6epos\u5f00\u59cb\u3002\u4f7f\u7528FROM\u7684\u53d8\u79cd\u5f62\u5f0f\u662fANSI SQL92\u8bed\u6cd5\u3002<\/p> \r\n <pre style='background-color: rgb(255, 255, 255); font-size: 13.9200000762939px;'>mysql&gt;&nbsp; SELECT id, mid( hobby, 1, 6 ) AS sub1, mid( hobby<br> -&gt; FROM 0<br> -&gt; FOR 8 ) AS sub2, mid( hobby, 2 ) AS sub3, mid( hobby<br> -&gt; FROM 4 ) AS sub4<br> -&gt; FROM string_test<br> -&gt; WHERE id =4 ;<br>+----+--------+------+-----------+---------+<br>| id | sub1&nbsp;&nbsp; | sub2 | sub3&nbsp;&nbsp;&nbsp;&nbsp;&nbsp; | sub4&nbsp;&nbsp;&nbsp; |<br>+----+--------+------+-----------+---------+<br>|&nbsp; 4 | i love |&nbsp;&nbsp;&nbsp;&nbsp;&nbsp; |&nbsp; love you | ove you |<br>+----+--------+------+-----------+---------+<br>1 row in set (0.00 sec)<br><br>mysql&gt;<\/pre> \r\n <p style='background-color: rgb(255, 255, 255); font-size: 13.9200000762939px;'><strong>16\uff0cLPAD(str,len,padstr)<\/strong><\/p> \r\n <p style='background-color: rgb(255, 255, 255); font-size: 13.9200000762939px;'>\u8fd4\u56de\u5b57\u7b26\u4e32str\uff0c\u5de6\u9762\u7528\u5b57\u7b26\u4e32padstr\u586b\u8865\u76f4\u5230str\u662flen\u4e2a\u5b57\u7b26\u957f\u3002<\/p> \r\n <pre style='background-color: rgb(255, 255, 255); font-size: 13.9200000762939px;'>mysql&gt; SELECT id,LPAD(name,11,'zhang ') FROM string_test WHERE id = 3;<br>+----+------------------------+<br>| id | LPAD(name,11,'zhang ') |<br>+----+------------------------+<br>|&nbsp; 3 | zhang zying&nbsp;&nbsp;&nbsp;&nbsp;&nbsp;&nbsp;&nbsp;&nbsp;&nbsp;&nbsp;&nbsp; |<br>+----+------------------------+<br>1 row in set (0.00 sec)<\/pre> \r\n <p style='background-color: rgb(255, 255, 255); font-size: 13.9200000762939px;'><span style='color:rgb(128, 0, 128);'><strong>17,RPAD(str,len,padstr)<\/strong><\/span><\/p> \r\n <p style='background-color: rgb(255, 255, 255); font-size: 13.9200000762939px;'>\u8fd4\u56de\u5b57\u7b26\u4e32str\uff0c\u53f3\u9762\u7528\u5b57\u7b26\u4e32padstr\u586b\u8865\u76f4\u5230str\u662flen\u4e2a\u5b57\u7b26\u957f\u3002<\/p> \r\n <pre style='background-color: rgb(255, 255, 255); font-size: 13.9200000762939px;'>mysql&gt; SELECT id,RPAD(name,11,' ying') FROM string_test WHERE id = 2;<br>+----+-----------------------+<br>| id | RPAD(name,11,' ying') |<br>+----+-----------------------+<br>|&nbsp; 2 | zhang ying&nbsp;&nbsp;&nbsp;&nbsp;&nbsp;&nbsp;&nbsp;&nbsp;&nbsp;&nbsp;&nbsp; |<br>+----+-----------------------+<br>1 row in set (0.00 sec)<\/pre> \r\n <p style='background-color: rgb(255, 255, 255); font-size: 13.9200000762939px;'><span style='color:rgb(128, 0, 128);'><strong>18,LEFT(str,len)<\/strong><\/span><\/p> \r\n <p style='background-color: rgb(255, 255, 255); font-size: 13.9200000762939px;'>\u8fd4\u56de\u5b57\u7b26\u4e32str\u7684\u6700\u5de6\u9762len\u4e2a\u5b57\u7b26\u3002<\/p> \r\n <pre style='background-color: rgb(255, 255, 255); font-size: 13.9200000762939px;'>mysql&gt; SELECT id,left(job,4) FROM string_test WHERE id = 4;<br>+----+-------------+<br>| id | left(job,4) |<br>+----+-------------+<br>|&nbsp; 4 | love&nbsp;&nbsp;&nbsp;&nbsp;&nbsp;&nbsp;&nbsp; |<br>+----+-------------+<br>1 row in set (0.00 sec)<\/pre> \r\n <p style='background-color: rgb(255, 255, 255); font-size: 13.9200000762939px;'><span style='color:rgb(128, 0, 128);'><strong>19,RIGHT(str,len)<\/strong><\/span><\/p> \r\n <p style='background-color: rgb(255, 255, 255); font-size: 13.9200000762939px;'>\u8fd4\u56de\u5b57\u7b26\u4e32str\u7684\u6700\u53f3\u9762len\u4e2a\u5b57\u7b26\u3002<\/p> \r\n <pre style='background-color: rgb(255, 255, 255); font-size: 13.9200000762939px;'>mysql&gt; SELECT id,right(job,4) FROM string_test WHERE id = 4;<br>+----+--------------+<br>| id | right(job,4) |<br>+----+--------------+<br>|&nbsp; 4 | love&nbsp;&nbsp;&nbsp;&nbsp;&nbsp;&nbsp;&nbsp;&nbsp; |<br>+----+--------------+<br>1 row in set (0.00 sec)<\/pre> \r\n <p style='background-color: rgb(255, 255, 255); font-size: 13.9200000762939px;'><span style='color:rgb(128, 0, 128);'><strong>20,\u4f4d\u7f6e\u63a7\u5236\u51fd\u6570<\/strong><\/span><\/p> \r\n <p style='background-color: rgb(255, 255, 255); font-size: 13.9200000762939px;'>POSITION(substr IN str)<br>\u8fd4\u56de\u5b50\u4e32substr\u5728\u5b57\u7b26\u4e32str\u7b2c\u4e00\u4e2a\u51fa\u73b0\u7684\u4f4d\u7f6e\uff0c\u5982\u679csubstr\u4e0d\u662f\u5728str\u91cc\u9762\uff0c\u8fd4\u56de0.<\/p> \r\n <p style='background-color: rgb(255, 255, 255); font-size: 13.9200000762939px;'>LOCATE(substr,str,pos)<br>\u8fd4\u56de\u5b50\u4e32substr\u5728\u5b57\u7b26\u4e32str\u7b2c\u4e00\u4e2a\u51fa\u73b0\u7684\u4f4d\u7f6e\uff0c\u4ece\u4f4d\u7f6epos\u5f00\u59cb\u3002\u5982\u679csubstr\u4e0d\u662f\u5728str\u91cc\u9762\uff0c\u8fd4\u56de0\u3002<\/p> \r\n <p style='background-color: rgb(255, 255, 255); font-size: 13.9200000762939px;'>INSTR(str,substr)<br>\u8fd4\u56de\u5b50\u4e32substr\u5728\u5b57\u7b26\u4e32str\u4e2d\u7684\u7b2c\u4e00\u4e2a\u51fa\u73b0\u7684\u4f4d\u7f6e\u3002\u8fd9\u4e0e\u67092\u4e2a\u53c2\u6570\u5f62\u5f0f\u7684LOCATE()\u76f8\u540c\uff0c\u9664\u4e86\u53c2\u6570\u88ab\u98a0\u5012\u3002<\/p> \r\n <pre style='background-color: rgb(255, 255, 255); font-size: 13.9200000762939px;'>mysql&gt; SELECT id,INSTR(job,'you') as instr,LOCATE('love',job,3) as locate,POSITI<br>ON('love' in job) as position FROM string_test WHERE id = 4;<br>+----+-------+--------+----------+<br>| id | instr | locate | position |<br>+----+-------+--------+----------+<br>|&nbsp; 4 |&nbsp;&nbsp;&nbsp;&nbsp; 6 |&nbsp;&nbsp;&nbsp;&nbsp; 11 |&nbsp;&nbsp;&nbsp;&nbsp;&nbsp;&nbsp;&nbsp; 1 |<br>+----+-------+--------+----------+<br>1 row in set (0.00 sec)<\/pre> \r\n <p style='background-color: rgb(255, 255, 255); font-size: 13.9200000762939px;'><span style='color:rgb(128, 0, 128);'><strong>21\uff0c\u5f97\u5230\u5b57\u7b26\u4e32\u957f\u5ea6\u7684\u51fd\u6570<\/strong><\/span><\/p> \r\n <p style='background-color: rgb(255, 255, 255); font-size: 13.9200000762939px;'>LENGTH(str),OCTET_LENGTH(str),CHAR_LENGTH(str),CHARACTER_LENGTH(str)<\/p> \r\n <pre style='background-color: rgb(255, 255, 255); font-size: 13.9200000762939px;'>mysql&gt; SELECT id,LENGTH(job) as one,OCTET_LENGTH(job) as two,CHAR_LENGTH(job) as<br> three,CHARACTER_LENGTH(job) as four FROM string_test WHERE id = 4;<br>+----+-----+-----+-------+------+<br>| id | one | two | three | four |<br>+----+-----+-----+-------+------+<br>|&nbsp; 4 |&nbsp; 14 |&nbsp; 14 |&nbsp;&nbsp;&nbsp; 14 |&nbsp;&nbsp; 14 |<br>+----+-----+-----+-------+------+<br>1 row in set (0.00 sec)<\/pre> \r\n <p style='background-color: rgb(255, 255, 255); font-size: 13.9200000762939px;'><span style='color:rgb(128, 0, 128);'><strong>22\uff0c\u5408\u5e76\u591a\u4e2a\u5b57\u7b26\u4e32\uff0c\u6216\u8005\u8868\u4e2d\u7684\u591a\u4e2a\u5b57\u6bb5<\/strong><\/span><\/p> \r\n <p style='background-color: rgb(255, 255, 255); font-size: 13.9200000762939px;'>CONCAT(str1,str2,\u2026)<\/p> \r\n <p style='background-color: rgb(255, 255, 255); font-size: 13.9200000762939px;'>\u8fd4\u56de\u6765\u81ea\u4e8e\u53c2\u6570\u8fde\u7ed3\u7684\u5b57\u7b26\u4e32\u3002\u5982\u679c\u4efb\u4f55\u53c2\u6570\u662fNULL\uff0c\u8fd4\u56deNULL\u3002\u53ef\u4ee5\u6709\u8d85\u8fc72\u4e2a\u7684\u53c2\u6570\u3002\u4e00\u4e2a\u6570\u5b57\u53c2\u6570\u88ab\u53d8\u6362\u4e3a\u7b49\u4ef7\u7684\u5b57\u7b26\u4e32\u5f62\u5f0f\u3002<\/p> \r\n <pre style='background-color: rgb(255, 255, 255); font-size: 13.9200000762939px;'>mysql&gt; SELECT id,CONCAT(name,job,hobby) FROM string_test WHERE id = 4;<br>+----+-----------------------------------+<br>| id | CONCAT(name,job,hobby)&nbsp;&nbsp;&nbsp;&nbsp;&nbsp;&nbsp;&nbsp;&nbsp;&nbsp;&nbsp;&nbsp; |<br>+----+-----------------------------------+<br>|&nbsp; 4 | tankzhanglove your lovei love you |<br>+----+-----------------------------------+<br>1 row in set (0.00 sec)<\/pre> \r\n <p style='background-color: rgb(255, 255, 255); font-size: 13.9200000762939px;'><span style='color:rgb(128, 0, 128);'><strong>23\uff0c\u8fdb\u5236\u8f6c\u6362<\/strong><\/span><\/p> \r\n <p style='background-color: rgb(255, 255, 255); font-size: 13.9200000762939px;'>BIN(N)<br>\u8fd4\u56de\u4e8c\u8fdb\u5236\u503cN\u7684\u4e00\u4e2a\u5b57\u7b26\u4e32\u8868\u793a\uff0c\u5728\u6b64N\u662f\u4e00\u4e2a\u957f\u6574\u6570(BIGINT)\u6570\u5b57\uff0c\u8fd9\u7b49\u4ef7\u4e8eCONV(N,10,2)\u3002\u5982\u679cN\u662fNULL\uff0c\u8fd4\u56deNULL\u3002<\/p> \r\n <p style='background-color: rgb(255, 255, 255); font-size: 13.9200000762939px;'>OCT(N)<br>\u8fd4\u56de\u516b\u8fdb\u5236\u503cN\u7684\u4e00\u4e2a\u5b57\u7b26\u4e32\u7684\u8868\u793a\uff0c\u5728\u6b64N\u662f\u4e00\u4e2a\u957f\u6574\u578b\u6570\u5b57\uff0c\u8fd9\u7b49\u4ef7\u4e8eCONV(N,10,8)\u3002\u5982\u679cN\u662fNULL\uff0c\u8fd4\u56deNULL\u3002<\/p> \r\n <p style='background-color: rgb(255, 255, 255); font-size: 13.9200000762939px;'>HEX(N)<br>\u8fd4\u56de\u5341\u516d\u8fdb\u5236\u503cN\u4e00\u4e2a\u5b57\u7b26\u4e32\u7684\u8868\u793a\uff0c\u5728\u6b64N\u662f\u4e00\u4e2a\u957f\u6574\u578b(BIGINT)\u6570\u5b57\uff0c\u8fd9\u7b49\u4ef7\u4e8eCONV(N,10,16)\u3002\u5982\u679cN\u662fNULL\uff0c\u8fd4\u56deNULL\u3002<\/p> \r\n <p style='background-color: rgb(255, 255, 255); font-size: 13.9200000762939px;'>ASCII(str)<br>\u8fd4\u56de\u5b57\u7b26\u4e32str\u7684\u6700\u5de6\u9762\u5b57\u7b26\u7684ASCII\u4ee3\u7801\u503c\u3002\u5982\u679cstr\u662f\u7a7a\u5b57\u7b26\u4e32\uff0c\u8fd4\u56de0\u3002\u5982\u679cstr\u662fNULL\uff0c\u8fd4\u56deNULL\u3002<\/p> \r\n <pre style='background-color: rgb(255, 255, 255); font-size: 13.9200000762939px;'>mysql&gt; select bin(20),oct(20),hex(20),ascii(20);<br>+---------+---------+---------+-----------+<br>| bin(20) | oct(20) | hex(20) | ascii(20) |<br>+---------+---------+---------+-----------+<br>| 10100&nbsp;&nbsp; | 24&nbsp;&nbsp;&nbsp;&nbsp;&nbsp; | 14&nbsp;&nbsp;&nbsp;&nbsp;&nbsp; |&nbsp;&nbsp;&nbsp;&nbsp;&nbsp;&nbsp;&nbsp; 50 |<br>+---------+---------+---------+-----------+<br>1 row in set (0.02 sec)<\/pre> \r\n <p style='background-color: rgb(255, 255, 255); font-size: 13.9200000762939px;'>\u4e0a\u9762\u6211\u53ea\u4f8b\u4e3e\u4e86\u4e00\u90e8\u5206\u5bf9\u5b57\u7b26\u4e32\u8fdb\u884c\u64cd\u4f5c\u7684\u51fd\u6570\uff0c\u5e76\u4e14\u662f\u6211\u89c9\u5f97\u6211\u4eec\u5e73\u65f6\u4f1a\u7528\u7684\uff0c\u6709\u53ef\u80fd\u4f1a\u7528\u5230\u7684\u4e00\u4e9b\u51fd\u6570\u3002<\/p> \r\n<\/div>\r\n ","excerpt":"\u00a0\u4eca\u5929\u5728\u8bba\u575b\u4e2d\u770b\u5230\u4e00\u4e2a\u5173\u4e8emysql\u7684\u95ee\u9898\uff0c\u95ee\u9898\u5982\u4e0bgood_idcat_id12654665,56912655601,4722goods_id\u662f\u5546\u54c1idcat_id\u662f\u5206\u7c7bid\u5f53\u6211\uff0c\u600e\u4e48\u6839\u636e\u8fd9\u79cd\u5206\u7c7bID\u67e5\u6570\u636e\uff08\u4e00\u4e2a\u5546\u54c1\u6709\u591a\u4e2a\u5206\u7c7b\uff0c\u800c\u4e14\u7528\u9017\u53f7\u9694\u5f00\u4e86\uff09\u6211\u73b0","author":"1","sortid":"19","type":"blog","views":"53","comnum":"0","tbcount":"0","attnum":"0","top":"n","hide":"n","allow_remark":"y","allow_tb":"y","password":"","thumb":"0","alias":""}